{
  "timestamp": "2025-11-18T02:42:49.813Z",
  "fastest": [
    "markdown-to-jsx (next) [parse] for inputs 1kB markdown string"
  ],
  "results": {
    "markdown-to-jsx (next) [parse]": [
      {
        "name": "markdown-to-jsx (next) [parse] for inputs 1kB markdown string",
        "options": {
          "async": false,
          "defer": false,
          "delay": 0.005,
          "initCount": 1,
          "maxTime": 5,
          "minSamples": 5,
          "minTime": 0.05
        },
        "async": false,
        "defer": false,
        "delay": 0.005,
        "initCount": 1,
        "maxTime": 5,
        "minSamples": 5,
        "minTime": 0.05,
        "id": 1,
        "stats": {
          "moe": 2.499543543294113e-9,
          "rme": 0.33638037396337067,
          "sem": 1.2752773180072005e-9,
          "deviation": 1.2560024962908829e-8,
          "mean": 7.430705643862252e-7,
          "sample": [
            7.320326277885122e-7,
            7.239470574639587e-7,
            7.337639326264698e-7,
            7.311932366451911e-7,
            7.240720484736835e-7,
            7.217464630618442e-7,
            8.11930009642924e-7,
            7.338984758423166e-7,
            7.237705742107833e-7,
            7.260595898084048e-7,
            7.287842616264039e-7,
            7.308847700571625e-7,
            7.238489644672967e-7,
            7.342868755924511e-7,
            7.376417143021286e-7,
            7.361270646023037e-7,
            7.384166834228592e-7,
            7.28719041737282e-7,
            7.425871800764083e-7,
            7.406380806020739e-7,
            7.377326717030994e-7,
            7.380253066383247e-7,
            7.418780340677333e-7,
            7.350289403383793e-7,
            7.391868698474708e-7,
            7.373736104328842e-7,
            7.410731479619682e-7,
            7.428822135409186e-7,
            7.361079194553759e-7,
            7.402221583891076e-7,
            7.390223048861058e-7,
            7.376087955648752e-7,
            7.334658317295264e-7,
            7.327776261741303e-7,
            7.401928446270071e-7,
            7.339332002412891e-7,
            7.410707350702323e-7,
            7.361510068078018e-7,
            7.442891304972281e-7,
            7.450054577313072e-7,
            7.348260707207078e-7,
            7.382766495274754e-7,
            7.355609542412317e-7,
            7.441562778272485e-7,
            7.420138741274812e-7,
            7.464237497486572e-7,
            7.4215150949358e-7,
            7.395728607129521e-7,
            7.467714359578319e-7,
            7.503793985005602e-7,
            7.436535920489473e-7,
            7.391605291126878e-7,
            7.479886536638612e-7,
            7.509754545715681e-7,
            7.553966908913338e-7,
            7.395932123057479e-7,
            7.477031999540401e-7,
            7.449922873639158e-7,
            7.460904259902909e-7,
            7.375956251974837e-7,
            7.447571022319248e-7,
            7.430455864188666e-7,
            7.338428460632523e-7,
            7.333539195128257e-7,
            7.420180679631173e-7,
            7.510065636400195e-7,
            7.429923304512682e-7,
            7.581381236894264e-7,
            7.380845517479102e-7,
            7.433615603366559e-7,
            7.388696894838136e-7,
            7.427852669979606e-7,
            7.393113348461782e-7,
            7.389845890902823e-7,
            7.387410450119209e-7,
            7.495739091718611e-7,
            7.354891419871887e-7,
            7.416667911412404e-7,
            7.359655013931578e-7,
            7.391725073966622e-7,
            7.384962657627897e-7,
            7.435626346479762e-7,
            7.4687317955936e-7,
            7.628585873093385e-7,
            7.653995346565938e-7,
            7.626670783902565e-7,
            7.641817137276305e-7,
            7.630877832993422e-7,
            7.642703013242179e-7,
            7.613080314824922e-7,
            7.576013270904547e-7,
            7.605522075086894e-7,
            7.620961709706144e-7,
            7.59906500445236e-7,
            7.581213627093327e-7,
            7.64151207882113e-7,
            7.608915204090426e-7
          ],
          "variance": 1.5775422706889294e-16
        },
        "times": {
          "cycle": 0.05173703111595532,
          "elapsed": 6.141,
          "period": 7.430705643862252e-7,
          "timeStamp": 1763433733528
        },
        "_timerId": {},
        "events": {
          "complete": []
        },
        "running": false,
        "count": 69626,
        "cycles": 6,
        "hz": 1345767.2096404438,
        "_isBest": true
      },
      {
        "name": "markdown-to-jsx (next) [parse] for inputs 27kB markdown string",
        "options": {
          "async": false,
          "defer": false,
          "delay": 0.005,
          "initCount": 1,
          "maxTime": 5,
          "minSamples": 5,
          "minTime": 0.05
        },
        "async": false,
        "defer": false,
        "delay": 0.005,
        "initCount": 1,
        "maxTime": 5,
        "minSamples": 5,
        "minTime": 0.05,
        "id": 2,
        "stats": {
          "moe": 0.000002649530435222219,
          "rme": 0.8222359365353442,
          "sem": 0.0000013518012424603158,
          "deviation": 0.000013106199308610482,
          "mean": 0.0003222348133294375,