{
  "timestamp": "2026-02-02T04:41:45.746Z",
  "fastest": [
    "markdown-to-jsx (next) [parse] for inputs 1kB markdown string"
  ],
  "results": {
    "markdown-to-jsx (next) [parse]": [
      {
        "name": "markdown-to-jsx (next) [parse] for inputs 1kB markdown string",
        "options": {
          "async": false,
          "defer": false,
          "delay": 0.005,
          "initCount": 1,
          "maxTime": 5,
          "minSamples": 5,
          "minTime": 0.05
        },
        "async": false,
        "defer": false,
        "delay": 0.005,
        "initCount": 1,
        "maxTime": 5,
        "minSamples": 5,
        "minTime": 0.05,
        "id": 1,
        "stats": {
          "moe": 8.426103397748443e-9,
          "rme": 1.1867339846807725,
          "sem": 4.299032345790022e-9,
          "deviation": 4.212174253962305e-8,
          "mean": 7.10024614321215e-7,
          "sample": [
            6.91069343721078e-7,
            6.986063293412347e-7,
            7.131231610791099e-7,
            6.953601729448981e-7,
            6.980474631525148e-7,
            7.073255148978492e-7,
            7.355804428604976e-7,
            6.840271137822702e-7,
            6.835151762513095e-7,
            7.0325815272846e-7,
            6.927393031576942e-7,
            7.131557079302885e-7,
            7.178176400963226e-7,
            6.956161653265852e-7,
            6.862758390813981e-7,
            6.839726541773805e-7,
            6.816490483381631e-7,
            6.903998340203802e-7,
            7.17373209256765e-7,
            7.135218970654259e-7,
            7.229019087656287e-7,
            7.064779668857053e-7,
            6.950991796253214e-7,
            6.936956178659375e-7,
            6.938061575717998e-7,
            6.885506850060542e-7,
            7.15658993510469e-7,
            7.131874345264819e-7,
            7.27187434526482e-7,
            7.299446961348517e-7,
            6.995145368216263e-7,
            6.967453709372407e-7,
            6.948123341904411e-7,
            6.896056351441438e-7,
            7.130281485109451e-7,
            7.102283716310899e-7,
            7.112833217691795e-7,
            7.186877950559841e-7,
            6.981795572969811e-7,
            6.919598519788308e-7,
            6.970027345822619e-7,
            6.92975116661905e-7,
            6.922551868631213e-7,
            7.206837271948084e-7,
            6.97091152742065e-7,
            7.200726500959145e-7,
            7.192042093519993e-7,
            6.966875501680204e-7,
            7.006851148932696e-7,
            6.97234575459505e-7,
            6.95596887201883e-7,
            7.010150470048841e-7,
            6.974335469300572e-7,
            7.169185883569378e-7,
            7.297236167231269e-7,
            7.115548617063249e-7,
            7.048397072228344e-7,
            7.031356951416948e-7,
            6.940413996707618e-7,
            6.916735779491994e-7,
            7.188776920669904e-7,
            7.150734255744663e-7,
            7.373729643688013e-7,
            7.161964001469328e-7,
            7.069326013904195e-7,
            7.032995251894481e-7,
            7.027802810769629e-7,
            6.965509298940179e-7,
            7.11991918697196e-7,
            7.197784444172347e-7,
            7.150637797096717e-7,
            0.0000010999397983755765,
            7.24171693672367e-7,
            6.994833544209079e-7,
            7.029372950763914e-7,
            6.967340244615866e-7,
            7.116540685414201e-7,
            7.089767356434432e-7,
            7.144560902276098e-7,
            7.163279049834701e-7,
            7.078945757316027e-7,
            7.040562970218902e-7,
            7.026385589703822e-7,
            6.932194468252997e-7,
            6.972164401453002e-7,
            7.204518863175652e-7,
            7.02745126049277e-7,
            7.256206005197067e-7,
            7.21527230181081e-7,
            7.100594533556454e-7,
            7.030846768159123e-7,
            6.956513067493844e-7,
            7.032099642191475e-7,
            7.22751669999864e-7,
            7.192183720392366e-7,
            7.216043290750037e-7
          ],
          "variance": 1.7742411945742896e-15
        },
        "times": {
          "cycle": 0.05218893922645227,
          "elapsed": 6.125,
          "period": 7.10024614321215e-7,
          "timeStamp": 1770007268962
        },
        "_timerId": {},
        "events": {
          "complete": []
        },
        "running": false,
        "count": 73503,
        "cycles": 9,
        "hz": 1408401.8776673004,
        "_isBest": true
      },
      {
        "name": "markdown-to-jsx (next) [parse] for inputs 27kB markdown string",
        "options": {
          "async": false,
          "defer": false,
          "delay": 0.005,
          "initCount": 1,
          "maxTime": 5,
          "minSamples": 5,
          "minTime": 0.05
        },
        "async": false,
        "defer": false,
        "delay": 0.005,
        "initCount": 1,
        "maxTime": 5,
        "minSamples": 5,
        "minTime": 0.05,
        "id": 2,
        "stats": {
          "moe": 0.0000015836322607531884,
          "rme": 0.6617076195026699,
          "sem": 8.079756432414227e-7,
          "deviation": 0.000007833614502048893,
          "mean": 0.0002393250756192628,