{
  "timestamp": "2026-02-04T04:29:58.151Z",
  "fastest": [
    "markdown-to-jsx (next) [parse] for inputs 1kB markdown string"
  ],
  "results": {
    "markdown-to-jsx (next) [parse]": [
      {
        "name": "markdown-to-jsx (next) [parse] for inputs 1kB markdown string",
        "options": {
          "async": false,
          "defer": false,
          "delay": 0.005,
          "initCount": 1,
          "maxTime": 5,
          "minSamples": 5,
          "minTime": 0.05
        },
        "async": false,
        "defer": false,
        "delay": 0.005,
        "initCount": 1,
        "maxTime": 5,
        "minSamples": 5,
        "minTime": 0.05,
        "id": 1,
        "stats": {
          "moe": 3.3841172801187943e-9,
          "rme": 0.48145089376391453,
          "sem": 1.7265904490402011e-9,
          "deviation": 1.7092373407875532e-8,
          "mean": 7.028997814631202e-7,
          "sample": [
            6.747097266676488e-7,
            6.70665318530621e-7,
            6.896402217728435e-7,
            6.83820251503261e-7,
            6.812361291532189e-7,
            6.808611643074286e-7,
            7.338458035917558e-7,
            7.065678107966948e-7,
            6.930535281434559e-7,
            6.875940324891858e-7,
            6.909939333877944e-7,
            6.884522371469512e-7,
            6.723499350484124e-7,
            6.777106641132435e-7,
            6.812166035006897e-7,
            6.712333703847545e-7,
            6.869406061255373e-7,
            6.931868864753385e-7,
            6.887128202381111e-7,
            6.927650493498145e-7,
            6.882390754108021e-7,
            6.946538816943659e-7,
            6.781710168606286e-7,
            7.020931820921108e-7,
            6.934809631583881e-7,
            7.031712445259873e-7,
            6.988696013177807e-7,
            6.983322441108328e-7,
            7.143061965153808e-7,
            6.95513211286845e-7,
            7.023364760080888e-7,
            7.010999317003924e-7,
            7.268400717815484e-7,
            6.830323418730163e-7,
            6.963831340145438e-7,
            6.916345301388759e-7,
            7.004922660738439e-7,
            6.99319347537866e-7,
            7.206992406690683e-7,
            7.096345970992754e-7,
            7.093790360380871e-7,
            7.03435738104485e-7,
            7.014888644855432e-7,
            7.083623495065018e-7,
            7.029463647199047e-7,
            7.076542432805239e-7,
            6.997283550508229e-7,
            7.098890466178302e-7,
            7.095347189672029e-7,
            7.065828768866093e-7,
            7.041293273158254e-7,
            6.980995433300746e-7,
            7.05101940512381e-7,
            7.050148919928754e-7,
            7.102930321008156e-7,
            7.042476329498734e-7,
            7.032186792730779e-7,
            7.06577292389281e-7,
            7.027253954011597e-7,
            7.045439327181905e-7,
            7.099130318329739e-7,
            7.030551753692866e-7,
            7.202037337118828e-7,
            7.08460553628584e-7,
            6.96365831447282e-7,
            7.09652448741814e-7,
            7.047124586519532e-7,
            7.159182815283042e-7,
            7.115764486882457e-7,
            7.150304803739069e-7,
            7.13294532013767e-7,
            7.108493792770955e-7,
            7.106479222187998e-7,
            7.054043738533031e-7,
            7.1010386897189e-7,
            8.036403021253231e-7,
            6.883004513130934e-7,
            6.942922955364198e-7,
            6.972407762049524e-7,
            7.12441362778053e-7,
            7.135796895715873e-7,
            7.02750518943097e-7,
            7.201138996397531e-7,
            7.228313803216778e-7,
            7.323776968300947e-7,
            7.208973363153032e-7,
            7.226745858499283e-7,
            7.13705789396151e-7,
            7.112528022927241e-7,
            7.039931834313187e-7,
            7.471804047086554e-7,
            7.029686893171378e-7,
            6.982379370840085e-7,
            6.995710115037967e-7,
            6.92651765745738e-7,
            7.06376411190422e-7,
            6.930440465508699e-7,
            6.920558181891229e-7
          ],
          "variance": 2.9214922871425066e-16
        },
        "times": {
          "cycle": 0.05248622958163265,
          "elapsed": 6.036,
          "period": 7.028997814631202e-7,
          "timeStamp": 1770179361615
        },
        "_timerId": {},
        "events": {
          "complete": []
        },
        "running": false,
        "count": 74671,
        "cycles": 6,
        "hz": 1422677.921336739,
        "_isBest": true
      },
      {
        "name": "markdown-to-jsx (next) [parse] for inputs 27kB markdown string",
        "options": {
          "async": false,
          "defer": false,
          "delay": 0.005,
          "initCount": 1,
          "maxTime": 5,
          "minSamples": 5,
          "minTime": 0.05
        },
        "async": false,
        "defer": false,
        "delay": 0.005,
        "initCount": 1,
        "maxTime": 5,
        "minSamples": 5,
        "minTime": 0.05,
        "id": 2,
        "stats": {
          "moe": 0.000001116334275920596,
          "rme": 0.4551042404484146,
          "sem": 5.695583040411204e-7,
          "deviation": 0.00000552207263624869,
          "mean": 0.00024529199614151494,