{
  "timestamp": "2026-02-04T06:32:23.381Z",
  "fastest": [
    "markdown-to-jsx (next) [parse] for inputs 1kB markdown string"
  ],
  "results": {
    "markdown-to-jsx (next) [parse]": [
      {
        "name": "markdown-to-jsx (next) [parse] for inputs 1kB markdown string",
        "options": {
          "async": false,
          "defer": false,
          "delay": 0.005,
          "initCount": 1,
          "maxTime": 5,
          "minSamples": 5,
          "minTime": 0.05
        },
        "async": false,
        "defer": false,
        "delay": 0.005,
        "initCount": 1,
        "maxTime": 5,
        "minSamples": 5,
        "minTime": 0.05,
        "id": 1,
        "stats": {
          "moe": 1.9555948241046698e-9,
          "rme": 0.2681751928068096,
          "sem": 9.977524612778927e-10,
          "deviation": 9.877245438412326e-9,
          "mean": 7.292228649625538e-7,
          "sample": [
            7.052293596031423e-7,
            7.190177349316319e-7,
            7.116275945418007e-7,
            7.064094670082742e-7,
            7.137876153275373e-7,
            7.106165595643103e-7,
            7.635995491900823e-7,
            7.096534363756003e-7,
            7.105663824604141e-7,
            7.109531409691013e-7,
            7.132993545858009e-7,
            7.217969675332857e-7,
            7.137246279418147e-7,
            7.232197488344743e-7,
            7.135350357707869e-7,
            7.29481386590505e-7,
            7.126121774679043e-7,
            7.252252789561371e-7,
            7.233451635935991e-7,
            7.094311954863007e-7,
            7.190657314460918e-7,
            7.181988883755443e-7,
            7.261843140549092e-7,
            7.268207400562812e-7,
            7.282820222044886e-7,
            7.257357161857561e-7,
            7.388621809679814e-7,
            7.357255239615272e-7,
            7.222321391070604e-7,
            7.334912988085738e-7,
            7.285544541979924e-7,
            7.390091842020524e-7,
            7.362359471908382e-7,
            7.361256947652848e-7,
            7.328601229227042e-7,
            7.379848096658127e-7,
            7.328373724221932e-7,
            7.372591457012054e-7,
            7.297963935206575e-7,
            7.340793257451664e-7,
            7.244016128354824e-7,
            7.351917622187689e-7,
            7.290730396068713e-7,
            7.365923810323827e-7,
            7.40196284318255e-7,
            7.322318591009002e-7,
            7.370864659022498e-7,
            7.328262841782519e-7,
            7.215157853472777e-7,
            7.295379758354684e-7,
            7.335408878995338e-7,
            7.395009310204824e-7,
            7.396333599339186e-7,
            7.472711019642432e-7,
            7.362126086773909e-7,
            7.363327733210131e-7,
            7.297182298010556e-7,
            7.201939322665098e-7,
            7.394606801349629e-7,
            7.269992439833677e-7,
            7.285235275176054e-7,
            7.333297212538676e-7,
            7.348604169291724e-7,
            7.421924902347852e-7,
            7.319104400296807e-7,
            7.316782589216963e-7,
            7.31425665364638e-7,
            7.329505369118121e-7,
            7.307420023240511e-7,
            7.279827656208436e-7,
            7.337042294930488e-7,
            7.209808615789547e-7,
            7.290082881823401e-7,
            7.323777003094068e-7,
            7.373559718313803e-7,
            7.379025718565808e-7,
            7.277628487826732e-7,
            7.274910048021057e-7,
            7.308545788007336e-7,
            7.269741554314194e-7,
            7.461872541195907e-7,
            7.315557562266369e-7,
            7.30735576182676e-7,
            7.330812157867472e-7,
            7.430424349335686e-7,
            7.191864981029583e-7,
            7.355213434695563e-7,
            7.350289946378821e-7,
            7.377893933666541e-7,
            7.36299536589805e-7,
            7.296937152617358e-7,
            7.250345387598527e-7,
            7.24935948590869e-7,
            7.328857994875887e-7,
            7.342082405812928e-7,
            7.366635445979812e-7,
            7.376937292620438e-7,
            7.302992285830288e-7
          ],
          "variance": 9.755997745063708e-17
        },
        "times": {
          "cycle": 0.05208620157568033,
          "elapsed": 6.052,
          "period": 7.292228649625538e-7,
          "timeStamp": 1770186706491
        },
        "_timerId": {},
        "events": {
          "complete": []
        },
        "running": false,
        "count": 71427,
        "cycles": 6,
        "hz": 1371322.8809019185,
        "_isBest": true
      },
      {
        "name": "markdown-to-jsx (next) [parse] for inputs 27kB markdown string",
        "options": {
          "async": false,
          "defer": false,
          "delay": 0.005,
          "initCount": 1,
          "maxTime": 5,
          "minSamples": 5,
          "minTime": 0.05
        },
        "async": false,
        "defer": false,
        "delay": 0.005,
        "initCount": 1,
        "maxTime": 5,
        "minSamples": 5,
        "minTime": 0.05,
        "id": 2,
        "stats": {
          "moe": 0.0000012142668963296,
          "rme": 0.5047530022139766,
          "sem": 6.195239266987755e-7,
          "deviation": 0.000006101603058866593,
          "mean": 0.00024056655255214193,